<?xml version="1.0"?>

<!DOCTYPE hibernate-mapping PUBLIC
"-//Hibernate/Hibernate Mapping DTD 3.0//EN"
"http://hibernate.sourceforge.net/hibernate-mapping-3.0.dtd">

<hibernate-mapping package="example">

    <class name="OldItem" table="olditems">
        <id name="id" column="item_id" type="int">
            <generator class="assigned" />
        </id>
        <property name="name" />
        <property name="expiredOn">
            <column name="expiredOn" sql-type="date" />
        </property>
     </class>
</hibernate-mapping>
