<?xml version="1.0"?>
<!DOCTYPE hibernate-mapping PUBLIC
          "-//Hibernate/Hibernate Mapping DTD 3.0//EN"
          "http://hibernate.sourceforge.net/hibernate-mapping-3.0.dtd">

<hibernate-mapping package="hibernate.inheritance">

	<class name="BillingDetails" table="billing_details_4">
		<id name="id" column="billing_id" type="int">
			<generator class="increment" />
		</id>

		<property name="owner" />
		<property name="number" column="no" />

		<joined-subclass name="CreditCard" table="creditcard_details_4">
			<key column="billing_id" />
			<property name="type" column="card_type" />
			<property name="expiryMonth" column="expiry_month" />
			<property name="expiryYear" column="expiry_year" />
		</joined-subclass>

		<joined-subclass name="BankAccount" table="bankaccount_details_4">
			<key column="billing_id" />
			<property name="bankName" column="bank_name" />
		</joined-subclass>
	</class>
</hibernate-mapping>