<?xml version="1.0" encoding="UTF-8"?>
<beans xmlns="http://www.springframework.org/schema/beans"
	xmlns:xsi="http://www.w3.org/2001/XMLSchema-instance"
	xsi:schemaLocation="http://www.springframework.org/schema/beans http://www.springframework.org/schema/beans/spring-beans.xsd
		http://www.springframework.org/schema/tx http://www.springframework.org/schema/tx/spring-tx.xsd"
	xmlns:tx="http://www.springframework.org/schema/tx">

	<bean id="exampleDataSource" class="org.springframework.jdbc.datasource.DriverManagerDataSource">
		<property name="driverClassName" value="org.hsqldb.jdbc.JDBCDriver" />
		<property name="url" value="jdbc:hsqldb:file:../Lab 00 - Database/trainingdb;shutdown=true" />
		<property name="username" value="sa" />
		<property name="password" value="" />
	</bean>

	<bean id="entityManagerFactory" class="org.springframework.orm.jpa.LocalContainerEntityManagerFactoryBean">
		<property name="dataSource" ref="exampleDataSource"/>
	</bean>

	<bean id="productRepository" class="ex2.JpaProductRepository" />

	<!--  Transactional settings required for the JPA example to work. -->
	<bean id="txManager" class="org.springframework.orm.jpa.JpaTransactionManager">
		<property name="entityManagerFactory" ref="entityManagerFactory" />
	</bean>

	<tx:annotation-driven transaction-manager="txManager" />

</beans>
