[
    { 
        "name" : "Eternity" , 
        "price" : 9.99 , 
        "description" : "Some Description" , 
        "canPurchase" : "false" , 
        "soldOut" : "true" ,
        "images": [ "images/01.png" , "images/02.jpg" ],
        "reviews": [
            {
                "stars" : 5,
                "body" : "I love this gem",
                "author": "Majrul"
            },
            {
                "stars" : 4,
                "body" : "I like this gem",
                "author": "Zubair"
            }
        ]
    } ,
    { 
        "name" : "Infinity" , 
        "price" : 9.99 , 
        "description" : "Some Description" , 
        "canPurchase" : "false" , 
        "soldOut" : "true" ,
        "images": [ "images/03.png" , "images/04.jpg" ],
        "reviews": [
            {
                "stars" : 4,
                "body" : "I like this gem",
                "author": "Zubair"
            },
            {
                "stars" : 5,
                "body" : "I love this gem",
                "author": "Majrul"
            }
        ]
    }
]