<?xml version="1.0"?>
<!DOCTYPE hibernate-mapping PUBLIC
          "-//Hibernate/Hibernate Mapping DTD 3.0//EN"
          "http://hibernate.sourceforge.net/hibernate-mapping-3.0.dtd">

<hibernate-mapping package="hibernate.inheritance">

	<class name="BankAccount" table="bankaccount_details_2">
		<id name="id" column="bankaccount_id" type="int">
			<generator class="increment" />
		</id>
		<property name="owner" />
		<property name="number" column="acno" />
		<property name="bankName" column="bank_name" />
	</class>
	
	<class name="CreditCard" table="creditcard_details_2">
		<id name="id" column="creditcard_id" type="int">
			<generator class="increment" />
		</id>
		<property name="owner" />
		<property name="number" column="card_no" />
		<property name="type" column="card_type" />
		<property name="expiryMonth" column="expiry_month" />
		<property name="expiryYear" column="expiry_year" />		
	</class>
	
</hibernate-mapping>