<?xml version="1.0"?>
<!DOCTYPE hibernate-mapping PUBLIC
          "-//Hibernate/Hibernate Mapping DTD 3.0//EN"
          "http://hibernate.sourceforge.net/hibernate-mapping-3.0.dtd">

<hibernate-mapping>
   <class name="hibernate.join.Book" table="books2">
      <id name="id" type="int">
         <generator class="increment" />
      </id>
      	
	<property name="title" />
	<property name="author" />
	
	<join table="books2_details">
		<key column="id" />		
		<property name="isbn" />
		<property name="publication" />
	</join>
	
   </class>
</hibernate-mapping>
