<?xml version="1.0"?>

<!DOCTYPE hibernate-mapping PUBLIC
"-//Hibernate/Hibernate Mapping DTD 3.0//EN"
"http://hibernate.sourceforge.net/hibernate-mapping-3.0.dtd">

<hibernate-mapping package="hibernate.manytomany">

    <class name="Item" table="items">
        <id name="id" column="item_id">
            <generator class="increment" />
        </id>

        <property name="name" />
        <property name="description" />
        <property name="initialPrice" />
        <property name="reservePrice" />
        <property name="validTill">
            <column name="validTill" sql-type="date" />
        </property>

        <property name="totalBids">
            <formula>(select count(*) from bids where bids.item_id = item_id)</formula>
        </property>
        <property name="maxBidAmount">
            <formula>(select max(bids.amount) from bids where bids.item_id = item_id)</formula>
        </property>

        <set name="categories" table="categories_items" cascade="all">
            <key column="item_id" />
            <many-to-many column="category_id" class="Category" />
        </set>

        <set name="bids" inverse="true" cascade="all">
            <key column="item_id" />
            <one-to-many class="Bid" />
        </set>
    </class>
    
    <class name="Category" table="categories">
        <id name="id" column="category_id">
            <generator class="increment" />
        </id>
    
        <many-to-one name="parentCategory" column="parent_category_id" not-null="false" />
    
        <set name="childCategories" inverse="true" cascade="all">
            <key column="parent_category_id" />
            <one-to-many class="Category" />
        </set>
    
        <set name="items" table="categories_items" cascade="all">
            <key column="category_id" />
            <many-to-many column="item_id" class="Item" />
        </set>
    
        <property name="name" />
    </class>
    
    <class name="Bid" table="bids">
        <id name="id" column="bid_id">
            <generator class="increment" />
        </id>
        
        <many-to-one name="item" column="item_id" class="Item" not-null="true" />
        <many-to-one name="customer" column="customer_id" class="Customer" not-null="true" />
        
        <property name="amount" />
    </class>
    
    <class name="Customer" table="customers">
        <id name="id" column="customer_id" type="int">
            <generator class="increment" />
        </id>
        
        <property name="name" />
    </class>
</hibernate-mapping>
