<?xml version="1.0"?>
<!DOCTYPE hibernate-mapping PUBLIC
          "-//Hibernate/Hibernate Mapping DTD 3.0//EN"
          "http://hibernate.sourceforge.net/hibernate-mapping-3.0.dtd">

<hibernate-mapping>

   <class name="usertype.User" table="users_data">
      <id name="id" column="user_id" type="int" length="5">
         <generator class="native" />
      </id>

	<property name="firstname" length="20" />
	<property name="lastname" length="20"/>
	<property name="username" length="20"/>
	<property name="password" length="20"/>
	
	<property name="homeAddress" type="usertype.CustomAddressType">
		<column name="homeAddress" sql-type="cust_addr"/>
	</property>
	
	<property name="billingAddress" type="usertype.CustomAddressType">
		<column name="billingAddress" sql-type="cust_addr"/>
	</property>

   </class>

</hibernate-mapping>



