<?xml version="1.0"?>
<!DOCTYPE hibernate-mapping PUBLIC
          "-//Hibernate/Hibernate Mapping DTD 3.0//EN"
          "http://hibernate.sourceforge.net/hibernate-mapping-3.0.dtd">

<hibernate-mapping package="hibernate.onetoone" >

   <class name="Address" table="users_address_1">
      <id name="id" column="id">
         <generator class="foreign">
         	<param name="property">user</param>
         </generator>
      </id>
	<one-to-one name="user" class="User" constrained="true" />
	<property name="city" />
	<property name="street" />
	<property name="zipcode" />
	</class>

</hibernate-mapping>