<?xml version="1.0"?>
<!DOCTYPE hibernate-mapping PUBLIC
          "-//Hibernate/Hibernate Mapping DTD 3.0//EN"
          "http://hibernate.sourceforge.net/hibernate-mapping-3.0.dtd">

<hibernate-mapping package="hibernate.onetoone">

   <class name="User" table="user_details_1">
      <id name="id" column="user_id">
         <generator class="native" />
      </id>
      <one-to-one name="address" cascade="save-update,delete" />
	<property name="firstname" />
	<property name="lastname" />
	<property name="username" />
	<property name="password" />
   </class>

</hibernate-mapping>