<?xml version="1.0" encoding="UTF-8"?>

<!DOCTYPE hibernate-mapping PUBLIC
        "-//Hibernate/Hibernate Mapping DTD 3.0//EN"
        "http://www.hibernate.org/dtd/hibernate-mapping-3.0.dtd">
        
<hibernate-mapping>
	<class name="com.lti.pojo.Book" table="books">
		<id name="id" type="int">
			<generator class="increment"/>	
		</id>	
		<natural-id>		
			<property name="isbn"/>
		</natural-id>
			<property name="title"/>
			<property name="author"/>
			<property name="publication"/>
	</class>
</hibernate-mapping>