<?xml version="1.0" encoding="UTF-8"?>


<!DOCTYPE hibernate-mapping PUBLIC
        "-//Hibernate/Hibernate Mapping DTD 3.0//EN"
        "http://www.hibernate.org/dtd/hibernate-mapping-3.0.dtd">
        
        
<hibernate-mapping package="com.lti.pojo">
		<class name="Employee" table="emp">
		
			<id name="empId" column="emp_id">
			<generator class="increment"/>
			</id>
			<property name="empName" length="30" column="emp_name"/>
			<property name="salary"/>
			<many-to-one name="dept" column="dept_id" not-null="true"/>
		
		</class>
		
		<class name="Department" table="dept">
 			<id name="depId" column="dep_id">
 			<generator class="increment"/>
 			
 			</id>
 			<set name="employees" cascade="save-update,delete" inverse="true">
 				<key column="dept_id" on-delete="cascade"/>
 				<one-to-many class="Employee"/>
 			</set>
 			
 			<property name="depname" column="dep_name" length="30"/>
 			
 		
 		</class>
 	



</hibernate-mapping>