<?xml version="1.0"?>
<!DOCTYPE hibernate-mapping PUBLIC
          "-//Hibernate/Hibernate Mapping DTD 3.0//EN"
          "http://hibernate.sourceforge.net/hibernate-mapping-3.0.dtd">

<hibernate-mapping package="hibernate.onetomanyuni" >

   <class name="PhoneBook" table="phonebook">
      <id name="id">
         <generator class="increment" />
      </id>

	<set name="entries" cascade="save-update" inverse="false">
		<key column="phonebook_id" />
		<one-to-many class="Entry" />
	</set>
	
	<property name="name" type="string" />
	
	<fetch-profile name="phonebook-with-entries">
            <fetch association="entries" style="join" />
    </fetch-profile>
	
   </class>
   
   <class name="Entry" table="entries">
   	<id name="id" length="5">
   		<generator class="increment" />
   	</id>
   	<property name="name" />
   	<property name="number" column="phoneNumber" />
   	<property name="email" />
   </class>
   
</hibernate-mapping>
