<?xml version="1.0" encoding="UTF-8"?>
<beans xmlns="http://www.springframework.org/schema/beans"
	xmlns:xsi="http://www.w3.org/2001/XMLSchema-instance"
	xsi:schemaLocation="http://www.springframework.org/schema/beans http://www.springframework.org/schema/beans/spring-beans.xsd
		http://www.springframework.org/schema/tx http://www.springframework.org/schema/tx/spring-tx.xsd"
	xmlns:tx="http://www.springframework.org/schema/tx">
	
	<bean id="exampleDataSource"
		class="org.springframework.jdbc.datasource.DriverManagerDataSource">
		<property name="driverClassName" value="oracle.jdbc.driver.OracleDriver" />
		<!-- <property name="url" value="jdbc:hsqldb:file:../Lab 00 - Database/trainingdb;shutdown=true" /> -->
		<property name="url" value="jdbc:oracle:thin:@localhost:1521:xe" />
		
		<property name="username" value="system" />
		<property name="password" value="Newuser123" />
	</bean>
	
		 
	<bean id="exampleSessionFactory" class="org.springframework.orm.hibernate3.LocalSessionFactoryBean">    <!-- RoseGarden  Bean -->	
		<property name="dataSource" ref="exampleDataSource"/>
		
		<property name="hibernateProperties">
			<value>  
				hibernate.dialect=org.hibernate.dialect.Oracle10gDialect
				hibernate.hbm2ddl.auto=update
				hibernate.show_sql=true
			</value>
		</property>
		
		<property name="mappingResources">
			<list>
		        <value>ex1/Product.hbm.xml</value>
		   	</list>
		   	
		</property>		
	</bean>
			
	<bean id="productRepository" class="ex1.HibernateProductRepository">
		<property name="sessionFactory" ref="exampleSessionFactory" />
	</bean>

<!--  Transactional settings required for the Hibernate example to work. -->
	<bean id="txManager" class="org.springframework.orm.hibernate3.HibernateTransactionManager">
		<property name="sessionFactory" ref="exampleSessionFactory" />
	</bean>

	<tx:annotation-driven transaction-manager="txManager" />

</beans>
